FID,ID_EQUIP_EDUCACAO,NOME,DEPENDENCIA_ADM,CODIGO_INEP,TIPO_LOGRADOURO,LOGRADOURO,NUMERO,COMPLEMENTO,BAIRRO,REGIONAL,GEOMETRIA
CRECHES_CONVENIADAS.1982049,1982049,CRECHE IMACULADA CONCEIÇÃO DA SOCIEDADE DE SÃO VICENTE DE PAULO,Creches Conveniadas,31297739,RUA,MOCOCA,62,,Nova Vista,LESTE,POINT (614974.198313556 7800663.54854078)
CRECHES_CONVENIADAS.1982051,1982051,CRECHE CAMINHO À LUZ,Creches Conveniadas,31289591,RUA,TENENTE GARRO,176,,Santa Efigênia,LESTE,POINT (613249.019261641 7796287.6492424)
CRECHES_CONVENIADAS.1981825,1981825,CRECHE PADRE EUSTÁQUIO,Creches Conveniadas,31308846,RUA,HENRIQUE GORCEIX,340,,Padre Eustáquio,NOROESTE,POINT (606785.621406221 7797109.68192003)
CRECHES_CONVENIADAS.1983223,1983223,INSTITUTO EDUCACIONAL INFANTIL EMANUEL,Creches Conveniadas,31374083,RUA,BANDEIRANTES DO OESTE,96,,Nova Cintra,OESTE,POINT (605927.215299889 7793732.72517003)
CRECHES_CONVENIADAS.1982524,1982524,EPRE - EDUCANDARIO PRESBITERIANO RENOVADO,Creches Conveniadas,31281859,RUA,FLOR DA CACHOEIRINHA,95,,Jardim Alvorada,PAMPULHA,POINT (605702.166940796 7799161.75422666)
CRECHES_CONVENIADAS.1982517,1982517,CRECHE COMUNITÁRIA RECANTO FELIZ,Creches Conveniadas,31308528,RUA,CONGONHAL,457,,Santa Terezinha,PAMPULHA,POINT (603907.26927536 7802641.23598824)
CRECHES_CONVENIADAS.1982096,1982096,"CRECHE INFANTIL ""OS TRÊS PORQUINHOS""",Creches Conveniadas,31302058,RUA,DOS FERREIROS,228,,São Gabriel,NORDESTE,POINT (614312.098245811 7804384.81108858)
CRECHES_CONVENIADAS.1982083,1982083,CRECHE COMUNITÁRIA DOM GIUSSANI,Creches Conveniadas,31332038,RUA,GERALDO FERNANDES,190,,Novo Tupi,NORTE,POINT (614042.516858242 7805913.6998877)
CRECHES_CONVENIADAS.1981781,1981781,ESCOLINHA EVANGÉLICA DE EDUCAÇÃO INFANTIL,Creches Conveniadas,31290203,BECO,SAO JOAO,90,,Estrela,CENTRO-SUL,POINT (610820.18108673 7793843.49674256)
CRECHES_CONVENIADAS.1982531,1982531,AMBJA,Creches Conveniadas,31356875,RUA,FLOR D'AGUA,711,,Jardim Alvorada,PAMPULHA,POINT (605633.355370147 7800086.52599205)
CRECHES_CONVENIADAS.1982528,1982528,CCEE - CENTRO CRISTÃO EVANGÉLICO EDUCACIONAL,Creches Conveniadas,31343684,RUA,FLOR D'AGUA,681,,Jardim Alvorada,PAMPULHA,POINT (605643.38231681 7800054.46251848)
CRECHES_CONVENIADAS.1981778,1981778,CRECHE NOSSA SENHORA DO CARMO DA VILA SANTA RITA DE CÁSSIA,Creches Conveniadas,31290271,RUA,UNIAO,83,,Santa Rita de Cássia,CENTRO-SUL,POINT (610686.111904322 7793321.99289315)
CRECHES_CONVENIADAS.1982990,1982990,CRECHE METODISTA ISABEL VEIGA PINTO,Creches Conveniadas,31308650,RUA,FLOR DE LA,40,,Jardim Alvorada,PAMPULHA,POINT (606203.93481205 7799209.89442787)
CRECHES_CONVENIADAS.1981833,1981833,CENTRO DE EDUCAÇÃO INFANTIL SÃO FRANCISCO,Creches Conveniadas,31281409,RUA,ESPINOSA,1007,,Carlos Prates,NOROESTE,POINT (608724.136941761 7797640.45388294)
CRECHES_CONVENIADAS.1982526,1982526,CRECHE NOSSA SENHORA DAS NEVES,Creches Conveniadas,31303747,RUA,DA PASCOA,40,,Jardim São José,PAMPULHA,POINT (604839.854933 7799087.30177068)
CRECHES_CONVENIADAS.1982053,1982053,CRECHE CLUBINHO DE NOSSA SENHORA DAS VITÓRIAS,Creches Conveniadas,31289582,BECO,PONTA PORA,144,,Vila União,LESTE,POINT (613157.55635671 7796901.83422683)
CRECHES_CONVENIADAS.1982091,1982091,CRECHE COMUNITARIA PADRE JOSE FELIX,Creches Conveniadas,31006114,RUA,ANGOLA,271,,São Paulo,NORDESTE,POINT (612537.064819283 7802876.23815423)
CRECHES_CONVENIADAS.1983721,1983721,CRECHE  MAZZARELLO HAVAÍ,Creches Conveniadas,31384666,,,,,,,
CRECHES_CONVENIADAS.1983801,1983801,CRECHE OS TRES PORQUINHOS UNIDADE II,Creches Conveniadas,31385549,,,,,,,
CRECHES_CONVENIADAS.1981795,1981795,NOSSO ABRIGO LACTÁRIO CLÁUDIA MARIA ROCHA BRANT,Creches Conveniadas,31309117,RUA,ARTUR JOVIANO,26,,Cruzeiro,CENTRO-SUL,POINT (612528.637566412 7794140.76623422)
CRECHES_CONVENIADAS.1982541,1982541,CICEC - CENTRO INFANTIL COMUNITÁRIO DE EDUCAÇÃO CRIARTE,Creches Conveniadas,31308781,RUA,CLELIA,231,,Rio Branco,VENDA NOVA,POINT (606818.514079118 7807882.86906902)
CRECHES_CONVENIADAS.1981763,1981763,INSTITUTO EDUCACIONAL CAMINHAR,Creches Conveniadas,31362859,RUA,CARLOS PINTO COELHO,33,,Vale do Jatobá,BARREIRO,POINT (600924.219659472 7787557.97614205)
CRECHES_CONVENIADAS.1982102,1982102,ABRIGO JESUS,Creches Conveniadas,31282031,RUA,COSTA SENNA,921,,Padre Eustáquio,NOROESTE,POINT (606884.728208814 7797564.12941856)
CRECHES_CONVENIADAS.1981844,1981844,CRECHE SONHO REALIZADO,Creches Conveniadas,31281417,RUA,SANTO INACIO,185,,Cabana do Pai Tomás,OESTE,POINT (604919.009632942 7793637.96857722)
CRECHES_CONVENIADAS.1982536,1982536,UNIVERSO INFANTIL,Creches Conveniadas,31289841,RUA,VIVEIROS DE CASTRO,161,,Copacabana,VENDA NOVA,POINT (605438.959590869 7806756.44834869)
CRECHES_CONVENIADAS.1982510,1982510,CRECHE COMUNITÁRIA NOSSA SENHORA DO CARMO,Creches Conveniadas,31282227,RUA,CORONEL CAMISAO,167,,Oeste,OESTE,POINT (604380.201429111 7795104.16013818)
CRECHES_CONVENIADAS.1981771,1981771,CENTRO EDUCACIONAL PROFESSOR ESTEVÃO PINTO - CEPEP,Creches Conveniadas,31290254,RUA,DONA CECILIA,340,,Serra,CENTRO-SUL,POINT (612866.692445014 7794965.67832575)
CRECHES_CONVENIADAS.1981767,1981767,CENTRO DE EDUCAÇÃO INFANTIL SANTA CLARA - CESCLAR,Creches Conveniadas,31281484,AVENIDA,PERIMETRAL,1301,,Vila Pinho,BARREIRO,POINT (602097.438385903 7787731.390844)
CRECHES_CONVENIADAS.1982960,1982960,INSTITUTO EDUCACIONAL TREM DA ALEGRIA,Creches Conveniadas,31356034,AVENIDA,ALTAMIRO AVELINO SOARES,1166,,Castelo,PAMPULHA,POINT (604280.393729752 7801596.34867202)
CRECHES_CONVENIADAS.1982193,1982193,CRECHE COMUNITÁRIA DA VILA CEMIG,Creches Conveniadas,31281328,RUA,COLETIVO,56,,Vila CEMIG,BARREIRO,POINT (605383.992792792 7788481.35819032)
CRECHES_CONVENIADAS.1981838,1981838,CRECHE FREI EUZÉBIO,Creches Conveniadas,31308854,RUA,INDUSTRIAL JOSE COSTA,745,,Nova Granada,OESTE,POINT (608006.377425018 7794370.49947268)
CRECHES_CONVENIADAS.1982194,1982194,CRECHE COMUNITÁRIA DA VILA PIRATININGA,Creches Conveniadas,31284432,RUA,VINHEDO,636,,Itaipu,BARREIRO,POINT (599229.698656651 7789463.53827041)
CRECHES_CONVENIADAS.1982507,1982507,CENTRO INFANTIL GUIOMAR SCHMIDT SANCHES,Creches Conveniadas,31299731,RUA,GASTAO BRAULIO DOS SANTOS,801,,Nova Gameleira,OESTE,POINT (604958.086689061 7794940.92336455)
CRECHES_CONVENIADAS.1982101,1982101,INSTITUTO EDUCACIONAL COMUNITÁRIO RECOMEÇAR,Creches Conveniadas,31356441,RUA,OTAVIO BERNARDES,83,,Jardim Vitória,NORDESTE,POINT (617512.277433699 7804430.17185553)
CRECHES_CONVENIADAS.1981791,1981791,CRECHE DAS ROSINHAS,Creches Conveniadas,31290301,RUA,POUSO ALTO,215,,São Lucas,CENTRO-SUL,POINT (612810.595966269 7795625.58400386)
CRECHES_CONVENIADAS.1983384,1983384,CRECHE DONA QUITA TOLENTINO - UNIDADE II,Creches Conveniadas,31378054,AVENIDA,AMERICO VESPUCIO,1580,,Nova Esperança,NOROESTE,POINT (608710.575392355 7799501.90921529)
CRECHES_CONVENIADAS.1982153,1982153,CRECHE COMUNITÁRIA EUNICE LANZA,Creches Conveniadas,31289957,BECO,PRINCIPAL,183,,Vila Coqueiral,NOROESTE,POINT (602071.513451437 7797556.29101405)
CRECHES_CONVENIADAS.1981766,1981766,CRECHE COMUNITÁRIA CRIANÇA FELIZ,Creches Conveniadas,31308471,RUA,QUATORZE,40,,Bernadete,BARREIRO,POINT (606209.418298507 7789811.2774891)
CRECHES_CONVENIADAS.1982530,1982530,INSTITUTO DE EDUCAÇÃO CRIANÇA FELIZ,Creches Conveniadas,31356867,RUA,FLOR DO NORTE,255,,Jardim Alvorada,PAMPULHA,POINT (605637.362850474 7799618.04135074)
CRECHES_CONVENIADAS.1982081,1982081,INSTITUTO CRISTÃO CALVÁRIO - ICC,Creches Conveniadas,31351768,RUA,DOS SALESIANOS,538,,São Bernardo,NORTE,POINT (610275.402891629 7805521.16978606)
CRECHES_CONVENIADAS.1983585,1983585,CENTRO INFANTIL MOPS - UNIDADE II,Creches Conveniadas,31384640,RUA,SAO FIDELIS,700,,Nova Vista,LESTE,POINT (615485.920281518 7800482.36542008)
CRECHES_CONVENIADAS.1982093,1982093,CRECHE ODETE VALADARES,Creches Conveniadas,31282375,RUA,OZANAM,732,,Ipiranga,NORDESTE,POINT (611915.921860156 7800872.69596943)
CRECHES_CONVENIADAS.1982092,1982092,CRECHE SANTA LUZIA,Creches Conveniadas,31282421,RUA,OZANAM,308,,Ipiranga,NORDESTE,POINT (611687.973740438 7801171.97505204)
CRECHES_CONVENIADAS.1983381,1983381,BALÃO AMARELO,Creches Conveniadas,31376167,RUA,BEATRIZ,227,,Rio Branco,VENDA NOVA,POINT (606161.389385681 7808919.11797621)
CRECHES_CONVENIADAS.1982070,1982070,OBRAS EDUCATIVAS JARDIM FELICIDADE,Creches Conveniadas,31289906,RUA,PROFESSORA GABRIELA VARELA,580,,Jardim Felicidade,NORTE,POINT (611884.447472478 7806857.80771729)
CRECHES_CONVENIADAS.1983405,1983405,INSTITUTO CRESCER ESTRELA DA MANHÃ,Creches Conveniadas,31377988,RUA,SERRA DO CIPO,90,,Ribeiro de Abreu,NORDESTE,POINT (615259.873878177 7807477.52754365)
CRECHES_CONVENIADAS.1983385,1983385,CRECHE FRE,Creches Conveniadas,31371793,RUA,DAS GUITARRAS,72,,Conjunto Califórnia I,NOROESTE,POINT (603841.163097452 7796895.93640764)
CRECHES_CONVENIADAS.1982532,1982532,CRECHE BANANA DE PIJAMAS,Creches Conveniadas,31385808,RUA,OSORIO DE MORAIS,53,,Ouro Preto,PAMPULHA,POINT (606341.508478284 7801294.2201694)
CRECHES_CONVENIADAS.1983741,1983741,CRECHE  MAZZARELLO HAVAÍ,Creches Conveniadas,31384666,RUA,MARIO COUTINHO,160,,Havaí,OESTE,POINT (607777.608538858 7792871.07911963)
CRECHES_CONVENIADAS.1982098,1982098,CASA ESPÍRITA URBANO,Creches Conveniadas,31308552,RUA,VERA LUCIA PEREIRA,133,,Goiânia,NORDESTE,POINT (615181.342168115 7802021.55212309)
CRECHES_CONVENIADAS.1982089,1982089,CRECHE COMUNITÁRIA SOSSEGO DA MAMÃE,Creches Conveniadas,31282553,RUA,D,185,,Vila Maria,NORDESTE,POINT (616836.588214555 7804417.12451128)
CRECHES_CONVENIADAS.1981852,1981852,CENTRO INFANTO JUVENIL CRESCER SORRINDO,Creches Conveniadas,31308927,RUA,PEPERI,975,,Nova Granada,OESTE,POINT (608134.146782384 7794152.13392036)
CRECHES_CONVENIADAS.1982191,1982191,CRECHE CASINHA DA VOVÓ,Creches Conveniadas,31281492,RUA,CESAR DACORSO FILHO,104,,Vale do Jatobá,BARREIRO,POINT (600821.929960981 7787225.89373647)
CRECHES_CONVENIADAS.1982518,1982518,CRECHE SEMENTES DO AMANHÃ,Creches Conveniadas,31281981,AVENIDA,PRESIDENTE ANTONIO CARLOS,3800,,São Francisco,PAMPULHA,POINT (609650.071043599 7801860.78484681)
CRECHES_CONVENIADAS.1982523,1982523,ASSOCIAÇÃO ASSISTENCIAL SÃO TIAGO,Creches Conveniadas,31303755,RUA,URUCANIA,115,,Jardim São José,PAMPULHA,POINT (605428.800710696 7798783.39124135)
CRECHES_CONVENIADAS.1982052,1982052,CENTRO INFANTIL TRANSFORMAR,Creches Conveniadas,31303704,AVENIDA,SILVIANO BRANDAO,2513,,Horto,LESTE,POINT (613630.422543707 7798264.51685673)
CRECHES_CONVENIADAS.1982534,1982534,CRECHE BENEDITA HILÍDIA DA SILVA RESENDE,Creches Conveniadas,31290122,RUA,IZALINA FAUSTINA SILVEIRA,115,,Mantiqueira,VENDA NOVA,POINT (606295.249291784 7810601.68566178)
CRECHES_CONVENIADAS.1983441,1983441,INSTITUTO ONCINHA PINTADA,Creches Conveniadas,31380520,RUA,RAIMUNDA LOPES BARROSO,15,,Floramar,NORTE,POINT (611294.87099568 7806535.25490437)
CRECHES_CONVENIADAS.1982985,1982985,CRECHE COMUNITARIA CRESCER  COM AMOR,Creches Conveniadas,31308811,BECO,DA PEDREIRA,35,,Cabana do Pai Tomás,OESTE,POINT (605083.176147031 7793461.06458552)
CRECHES_CONVENIADAS.1982200,1982200,CRECHE COMUNITÁRIA MARIA FLORIPES,Creches Conveniadas,31281301,AVENIDA,FLOR DE SEDA,1188,,Lindéia,BARREIRO,POINT (599742.177879645 7790370.03375588)
CRECHES_CONVENIADAS.1982159,1982159,ABRIGO DE PAZ,Creches Conveniadas,31229750,RUA,ARTICA,200,,Caiçara-Adelaide,NOROESTE,POINT (607269.751416526 7798756.81665053)
CRECHES_CONVENIADAS.1982212,1982212,INSTITUTO ESPIRITA EURIPEDES,Creches Conveniadas,31281972,RUA,TABOAO DA SERRA,235,,Itaipu,BARREIRO,POINT (599399.513574082 7788800.34326183)
CRECHES_CONVENIADAS.1982082,1982082,CRECHE DORA RIBEIRO,Creches Conveniadas,31290017,RUA,BERTOPOLIS,449,,Conjunto Providência,NORTE,POINT (612177.432649536 7804147.474601)
CRECHES_CONVENIADAS.1982709,1982709,ABA MUNDO CRIANÇA,Creches Conveniadas,31379808,RUA,PORTO SEGURO,505,,Nova Vista,LESTE,POINT (614912.626594198 7800684.97417966)
CRECHES_CONVENIADAS.1982986,1982986,CRECHE VIRGILIO PEDRO DE  ALMEIDA,Creches Conveniadas,31290068,RUA,QUARENTA E TRES,43,,Novo Aarão Reis,NORTE,POINT (614265.253604365 7805900.7225292)
CRECHES_CONVENIADAS.1982529,1982529,CENTRO DE EDUCAÇÃO INFANTIL PROFESSORA MARIA LÚCIA HANNAS,Creches Conveniadas,31356417,RUA,QUITO,53,,Trevo,PAMPULHA,POINT (603659.481654266 7805868.50908615)
CRECHES_CONVENIADAS.1982065,1982065,CRECHE CASINHA DOS ANJOS,Creches Conveniadas,31290041,RUA,JOSEFINA GUIMARAES VIEIRA,845,,Jardim Felicidade,NORTE,POINT (612653.685795161 7807390.43930167)
CRECHES_CONVENIADAS.1983622,1983622,INSTITUTO CHÃO DE GIZ,Creches Conveniadas,31384372,RUA,JEREMIAS,194,,Jardim Liberdade,BARREIRO,POINT (606272.243886346 7788961.44583558)
CRECHES_CONVENIADAS.1981800,1981800,CENTRO INFANTIL CAMINHO DO CÉU,Creches Conveniadas,31289876,RUA,ALAIR PEREIRA DA SILVA,205,,Conjunto Taquaril,LESTE,POINT (617159.73460667 7797026.23890462)
CRECHES_CONVENIADAS.1981835,1981835,CASA DA CRIANÇA SANTO ANTÔNIO,Creches Conveniadas,31365297,RUA,DAS VIOLAS,605,,Vila Califórnia,NOROESTE,POINT (603783.202302083 7797030.70799495)
CRECHES_CONVENIADAS.1981768,1981768,INSTITUTO TIA LÚCIA,Creches Conveniadas,31355941,RUA,JERIBA,188,,Olaria,BARREIRO,POINT (601796.366118969 7789389.45335018)
CRECHES_CONVENIADAS.1982542,1982542,LAR-ESCOLA TEREZINHA DELAMARE,Creches Conveniadas,31308757,RUA,WENCESLAU BRAZ,107,,Copacabana,VENDA NOVA,POINT (606268.747148217 7806945.01996549)
CRECHES_CONVENIADAS.1982538,1982538,CRECHE COMUNITÁRIA RECANTO VERDE,Creches Conveniadas,31291579,RUA,HEITOR A MONTALVAO,211,,Conjunto Serra Verde,VENDA NOVA,POINT (609492.954726384 7811028.07887068)
CRECHES_CONVENIADAS.1983421,1983421,CONSELHO COMUNITARIO ASSIS CHATEAUBRIAND,Creches Conveniadas,31257826,PRACA,GERALDA DINIZ DA SILVA,22,,Vale do Jatobá,BARREIRO,POINT (600770.780362734 7787217.39513727)
CRECHES_CONVENIADAS.1983261,1983261,"CRECHE DOM BOSCO - Unidade II
",Creches Conveniadas,31377023,RUA,GUAIANA,229,,Dom Bosco,NOROESTE,POINT (604727.68708 7798063.49482208)
CRECHES_CONVENIADAS.1983761,1983761,INSTITUTO PEDAGÓGICO CONSTRUIR,Creches Conveniadas,31384313,RUA,JOSE LINS DO REGO,256,,Tupi A,NORTE,POINT (612580.368385618 7806020.94529726)
CRECHES_CONVENIADAS.1981836,1981836,CRECHE ESCOLA INFANTIL PINGO D'ÁGUA,Creches Conveniadas,31281336,RUA,EPAMINONDAS OTONI,315,,Vista Alegre,OESTE,POINT (604758.627961386 7793528.52085499)
CRECHES_CONVENIADAS.1982508,1982508,CRECHE SONHO DE CRIANÇA,Creches Conveniadas,31339393,RUA,EPAMINONDAS OTONI,255,,Vista Alegre,OESTE,POINT (604725.322996274 7793585.50925516)
CRECHES_CONVENIADAS.1982090,1982090,CRECHE DO MENINO DEUS,Creches Conveniadas,31282235,RUA,NELSON,522,,União,NORDESTE,POINT (612902.28975484 7801173.09482412)
CRECHES_CONVENIADAS.1982187,1982187,COMUNIDADE INFANTIL PRÍNCIPE DA PAZ,Creches Conveniadas,31289892,RUA,IRACI CARNEIRO,10,,Monsenhor Messias,NOROESTE,POINT (607580.207454269 7798025.45551697)
CRECHES_CONVENIADAS.1982086,1982086,CRECHE CASA DO SOL,Creches Conveniadas,31282383,RUA,JUNIA CRISTINA,120,,Vista do Sol,NORDESTE,POINT (616231.854485577 7804576.57205619)
CRECHES_CONVENIADAS.1981853,1981853,CRECHE COMUNITÁRIA TIA MAMÁLIA,Creches Conveniadas,31315079,RUA,ESTEVAO MESSIAS,160,,Imbaúbas,OESTE,POINT (605403.840540013 7794421.60906947)
CRECHES_CONVENIADAS.1982054,1982054,CENTRO DE EDUCAÇÃO INFANTIL LUCINDA ÁLVARES DE OLIVEIRA LEITE,Creches Conveniadas,31289566,RUA,MADRE ISABEL TEJERO,100,,Mariano de Abreu,LESTE,POINT (616182.97312059 7799857.78255212)
CRECHES_CONVENIADAS.1982198,1982198,CRECHE COMUNITÁRIA MARIA BESSA,Creches Conveniadas,31281310,RUA,CLOVIS DE SOUZA MUNHOZ,53,,Lindéia,BARREIRO,POINT (598925.756835901 7789789.50192145)
CRECHES_CONVENIADAS.1983221,1983221,ASSOCIAÇÃO ARCO ENCANTADO,Creches Conveniadas,31375543,RUA,RADIALISTA MARIO MARCOS,49,,Céu Azul,VENDA NOVA,POINT (604534.063533865 7808230.83014428)
CRECHES_CONVENIADAS.1982213,1982213,CENTRO INFANTIL LAR FELIZ,Creches Conveniadas,31004081,RUA,MADRE PAULINA,64,,Diamante,BARREIRO,POINT (601195.91198318 7789877.45401906)
CRECHES_CONVENIADAS.1982988,1982988,CRECHE CASA DA CRIANCA,Creches Conveniadas,31308722,RUA,CARLOS ETIENE DE CASTRO,33,,Marçola,CENTRO-SUL,POINT (613934.323135235 7794986.10416813)
CRECHES_CONVENIADAS.1983402,1983402,ESTRELINHA BRILHANTE,Creches Conveniadas,31378003,RUA,ODILON MELO FRANCO,438,,Goiânia,NORDESTE,POINT (615262.090564344 7803442.55907131)
CRECHES_CONVENIADAS.1983403,1983403,IES,Creches Conveniadas,31377880,RUA,RADIALISTA CAETANO SILVA,105,,Céu Azul,VENDA NOVA,POINT (604897.08343267 7807448.47533466)
CRECHES_CONVENIADAS.1982080,1982080,INSTITUTO EDUCACIONAL PING-PONG,Creches Conveniadas,31324566,RUA,AUGUSTA ANDRADE LAGE,1197,,Jaqueline,NORTE,POINT (611776.509370644 7810502.70580884)
CRECHES_CONVENIADAS.1982074,1982074,OFICINA ESCOLA DE ANGELIS,Creches Conveniadas,31289833,RUA,SANTA CLARA DE ASSIS,96,,Minaslândia,NORTE,POINT (611831.220547548 7804341.67986782)
CRECHES_CONVENIADAS.1982214,1982214,SICRA - SOCIEDADE IRMÃOS DAS CRIANÇAS,Creches Conveniadas,31210064,RUA,MARCELO ROBSON DOS SANTOS,149,,Brasil Industrial,BARREIRO,POINT (603042.89040119 7788118.27209544)
CRECHES_CONVENIADAS.1982060,1982060,CENTRO INFANTIL NOSSA SENHORA MENINA,Creches Conveniadas,31329339,RUA,GIL EANES,77,,Taquaril,LESTE,POINT (616977.188105645 7797020.32010937)
CRECHES_CONVENIADAS.1983603,1983603,CSACA JARDIM VITÓRIA,Creches Conveniadas,31384380,RUA,SOLDADO MARIO NETO,45,,Jardim Vitória,NORDESTE,POINT (617858.124349668 7803811.09568061)
CRECHES_CONVENIADAS.1982537,1982537,CENTRO EDUCACIONAL ALICERCE PARA VIDA,Creches Conveniadas,31289922,RUA,PADRE PEDRO PINTO,1251,,Venda Nova,VENDA NOVA,POINT (608773.249190387 7808767.35903365)
CRECHES_CONVENIADAS.1983263,1983263,"INSTITUTO BETÂNIA PRIMEIROS PASSOS
",Creches Conveniadas,31377007,RUA,PADRE PEDRO PINTO,2435,,Candelária,VENDA NOVA,POINT (607882.279544104 7809420.03409542)
CRECHES_CONVENIADAS.1982068,1982068,CRECHE ASSISTENCIAL SÃO BERNARDO,Creches Conveniadas,31281387,RUA,ARMANDO RIBEIRO DOS SANTOS,105,,São Bernardo,NORTE,POINT (611052.078965866 7804826.59116553)
CRECHES_CONVENIADAS.1983582,1983582,CRECHE FELIX UNIDADE II,Creches Conveniadas,31384658,RUA,OSMAR COSTA,455,,Heliópolis,NORTE,POINT (611084.319542986 7805343.43966982)
CRECHES_CONVENIADAS.1983502,1983502,CRECHE PADRE EUSTAQUIO - UNIDADE II,Creches Conveniadas,31376973,RUA,SEARA,520,,Coqueiros,NOROESTE,POINT (602188.571457062 7798866.41263285)
CRECHES_CONVENIADAS.1982069,1982069,CRECHE COMUNITÁRIA CRISTO OPERÁRIO,Creches Conveniadas,31283606,RUA,RISOLETA PINTO SARDINHA,41,,Planalto,NORTE,POINT (610163.976797657 7806242.28300556)
CRECHES_CONVENIADAS.1983245,1983245,CRECHE CASINHA DA VOVO - FILIAL,Creches Conveniadas,31375560,RUA,DOUTOR FRANCISCO SILVEIRA,216,,Petrópolis,BARREIRO,POINT (601445.554919241 7786834.07349034)
CRECHES_CONVENIADAS.1982593,1982593,INSTITUTO PEDAGOGICO ILUMINAR,Creches Conveniadas,31355925,RUA,GOUVEIA,70,,Vila São Geraldo,LESTE,POINT (615249.614854 7799665.97570152)
CRECHES_CONVENIADAS.1983387,1983387,CSACA MONTES CLAROS,Creches Conveniadas,31379760,RUA,QUINHENTOS E QUINZE,285,,Montes Claros,NORDESTE,POINT (616107.278899717 7807017.63860057)
CRECHES_CONVENIADAS.1981826,1981826,CRECHE SÃO JOSÉ,Creches Conveniadas,31356115,RUA,PORANGA,127,,Dom Bosco,NOROESTE,POINT (604711.313306816 7798078.90463756)
CRECHES_CONVENIADAS.1981777,1981777,CRECHE MADRE GARCIA,Creches Conveniadas,31290335,RUA,PRINCIPAL,19,,Vila Barragem Santa Lúcia,CENTRO-SUL,POINT (610400.813937526 7793571.74205744)
CRECHES_CONVENIADAS.1981796,1981796,MORADA NOVA - CASA DA CRIANÇA,Creches Conveniadas,31320765,RUA,PRINCIPAL,531,,Vila Barragem Santa Lúcia,CENTRO-SUL,POINT (610507.086378813 7793212.11525843)
CRECHES_CONVENIADAS.1982516,1982516,CRECHE COMUNITÁRIA PEQUENO ALEXANDRE,Creches Conveniadas,31282260,RUA,ANTERO DE QUENTAL,49,,Santa Branca,PAMPULHA,POINT (608237.590899077 7806334.33426879)
CRECHES_CONVENIADAS.1982064,1982064,MOVIMENTO DE PROMOÇÃO SOCIAL - MOPS,Creches Conveniadas,31289990,RUA,ARAPARI,470,,Mariano de Abreu,LESTE,POINT (615892.27412578 7799527.31981685)
CRECHES_CONVENIADAS.1981845,1981845,CRUZADA DO BEM ELIZABETH SANTOS,Creches Conveniadas,31308625,RUA,BOGOTA,95,,Jardim América,OESTE,POINT (607569.240481356 7794540.65483805)
CRECHES_CONVENIADAS.1982056,1982056,INSTITUTO EDUCACIONAL ÁGAPE,Creches Conveniadas,31320552,RUA,CONDE D'EU,867,,Vera Cruz,LESTE,POINT (615526.315310081 7797747.82202846)
CRECHES_CONVENIADAS.1982078,1982078,ESCOLA E CRECHE SANTO TOMAZ DE AQUINO,Creches Conveniadas,31281581,RUA,DEZ DE NOVEMBRO,176,,São Tomáz,NORTE,POINT (609759.856214556 7805327.52920104)
CRECHES_CONVENIADAS.1981770,1981770,OBRAS PAVONIANAS,Creches Conveniadas,31320544,RUA,DIAS DE TOLEDO,99,,Coração de Jesus,CENTRO-SUL,POINT (609841.795169325 7793888.45759091)
CRECHES_CONVENIADAS.1982201,1982201,CRECHE COMUNITÁRIA PINGO DE GENTE,Creches Conveniadas,31257648,AVENIDA,SENADOR LEVINDO COELHO,600,,Tirol,BARREIRO,POINT (600954.556120637 7788971.87834636)
CRECHES_CONVENIADAS.1982196,1982196,CRECHE COMUNITÁRIA DO BAIRRO SANTA CECÍLIA JOÃO AUGUSTO BITARÃES FILHOS DE DEUS,Creches Conveniadas,31282413,AVENIDA,SENADOR LEVINDO COELHO,1167,,Santa Cecília,BARREIRO,POINT (600867.158416944 7788405.55362012)
CRECHES_CONVENIADAS.1983781,1983781,MUNDO FANTÁSTICO - VILA CEMIG,Creches Conveniadas,31383988,AVENIDA,SENADOR LEVINDO COELHO,4655,,Vila Independência I,BARREIRO,POINT (601375.784965591 7786254.49325921)
CRECHES_CONVENIADAS.1981894,1981894,CRECHE ESCOLA INFANTIL SÃO VICENTE DE PAULO,Creches Conveniadas,31257630,RUA,EURITA,461,,Santa Tereza,LESTE,POINT (613191.562218587 7797340.68490005)
CRECHES_CONVENIADAS.1982087,1982087,CRECHE CENTRO INFANTIL VOVÓ GERALDA LUCAS,Creches Conveniadas,31282456,RUA,PACO DA LIBERDADE,120,,Conjunto Paulo VI,NORDESTE,POINT (616419.678326951 7806750.31959618)
CRECHES_CONVENIADAS.1981775,1981775,CRECHE DONA QUITA TOLENTINO,Creches Conveniadas,31257575,RUA,BELA VISTA,54,,Santana do Cafezal,CENTRO-SUL,POINT (613931.733940126 7795189.44277914)
CRECHES_CONVENIADAS.1981797,1981797,ASSOCIAÇÃO DA ESCOLINHA INFANTIL PEDACINHO DO CÉU,Creches Conveniadas,31330787,RUA,BELA VISTA,31,,Santana do Cafezal,CENTRO-SUL,POINT (613919.752728364 7795169.65680652)
CRECHES_CONVENIADAS.1981794,1981794,CRECHE RECANTO DO MENOR,Creches Conveniadas,31290220,BECO,COQUEIROS,35,,Monte São José,CENTRO-SUL,POINT (609656.725439946 7794502.43261807)
CRECHES_CONVENIADAS.1983404,1983404,INSTITUTO  EDUCACIONAL INFANTIL GERAÇÃO DE SAMUEL,Creches Conveniadas,31373176,RUA,GASTAO DA COSTA PINHEIRO,107,,Jardim Guanabara,NORTE,POINT (611274.51052362 7807152.19795276)
CRECHES_CONVENIADAS.1982071,1982071,CRECHE ETELVINA CAETANO DE JESUS,Creches Conveniadas,31290025,RUA,OSCAR LOBO PEREIRA,115,,Primeiro de Maio,NORTE,POINT (612286.704494769 7803357.77013979)
CRECHES_CONVENIADAS.1983243,1983243,CRECHE MARIA EURIPEDES DA SILVA,Creches Conveniadas,31372781,RUA,MARIA ROSA DA SILVA,1074,,Mantiqueira,VENDA NOVA,POINT (606696.665237956 7811902.83081746)
CRECHES_CONVENIADAS.1982055,1982055,CRECHE NOSSA SENHORA DO PERPÉTUO SOCORRO,Creches Conveniadas,31282502,RUA,FRANCISCO SERRAO,45,,Taquaril,LESTE,POINT (616900.914045908 7797343.0644157)
CRECHES_CONVENIADAS.1982190,1982190,CRECHE ABRIGO CORAÇÃO DE JESUS,Creches Conveniadas,31281522,RUA,CYRILLO BASTOS,15,,Lindéia,BARREIRO,POINT (599247.575647084 7790299.31814984)
CRECHES_CONVENIADAS.1982513,1982513,INSTITUTO EDUCACIONAL ESCUDO DA VERDADE,Creches Conveniadas,31369012,RUA,EDITH MELLO SILVA,176,,Vila Vista Alegre,OESTE,POINT (605389.57522938 7793425.07191172)
CRECHES_CONVENIADAS.1983661,1983661,CRECHE PRIMEIRO PASSO,Creches Conveniadas,31384011,RUA,BERENICE PRATES,83,,Álvaro Camargos,NOROESTE,POINT (603955.677762611 7797983.82323882)
CRECHES_CONVENIADAS.1982061,1982061,CENTRO INFANTIL PUPILEIRA ERNANI AGRÍCOLA,Creches Conveniadas,31289884,RUA,SAO JOAQUIM,1177,,Sagrada Família,LESTE,POINT (613502.100714773 7799353.75514543)
CRECHES_CONVENIADAS.1982058,1982058,CRECHE IRMÃO OTHO,Creches Conveniadas,31384364,RUA,HORIZONTE,40,,Paraíso,LESTE,POINT (614373.761584644 7796347.40952277)
CRECHES_CONVENIADAS.1982192,1982192,CRECHE COMUNITÁRIA BOM MENINO,Creches Conveniadas,31257966,RUA,COLETORA DOIS,106,,Castanheira,BARREIRO,POINT (601168.2719131 7788832.30675575)
CRECHES_CONVENIADAS.1983382,1983382,CRECHE BEM VIVER,Creches Conveniadas,31377210,RUA,ITAPETINGA,2198,,Santa Cruz,NORDESTE,POINT (610189.827431193 7801324.664)
CRECHES_CONVENIADAS.1981841,1981841,CRECHE ESPERANÇA,Creches Conveniadas,31308765,RUA,NOVA PONTE,11,,Salgado Filho,OESTE,POINT (606173.804496993 7794326.33846153)
CRECHES_CONVENIADAS.1982152,1982152,CRECHE ABRIGO INFANTIL VOVÓ DUDU,Creches Conveniadas,31290343,RUA,PERDOES,339,,Padre Eustáquio,NOROESTE,POINT (607799.208832926 7797685.62468855)
CRECHES_CONVENIADAS.1981780,1981780,CRECHE VICENTINA DO SANTÍSSIMO SACRAMENTO,Creches Conveniadas,31281395,RUA,SALUTARES,200,,São Lucas,CENTRO-SUL,POINT (613242.274161007 7795592.34077043)
CRECHES_CONVENIADAS.1981774,1981774,CRECHE COMUNITÁRIA TERRA NOVA,Creches Conveniadas,31290327,RUA,DOS CARVALHOS,124,,Acaba Mundo,CENTRO-SUL,POINT (612012.043667114 7792403.10992912)
CRECHES_CONVENIADAS.1981772,1981772,CRECHE CENTRO INFANTIL SAGRADO CORAÇÃO DE JESUS,Creches Conveniadas,31290556,RUA,CORONEL FULGENCIO,205,,São Lucas,CENTRO-SUL,POINT (613215.145333273 7796108.78564957)
CRECHES_CONVENIADAS.1982199,1982199,CRECHE COMUNITÁRIA MARIA CHIQUINHA,Creches Conveniadas,31289914,RUA,DOUTOR RIBEIRO PENA,380,,Bairro das Indústrias I,BARREIRO,POINT (603464.756041216 7792707.22802676)
CRECHES_CONVENIADAS.1982062,1982062,CENTRO INFANTIL BERENICE CATÃO DE MAGALHÃES PINTO,Creches Conveniadas,31299707,RUA,SAO ROQUE,1150,,Sagrada Família,LESTE,POINT (613135.746098548 7799333.86919316)
CRECHES_CONVENIADAS.1982154,1982154,CRECHE COMUNITÁRIA LAR INFANTIL DORCAS,Creches Conveniadas,31282481,RUA,MARCAZITA,350,,Aparecida,NOROESTE,POINT (609961.219732264 7799433.54890364)
CRECHES_CONVENIADAS.1982211,1982211,CRECHE TIA CANDINHA,Creches Conveniadas,31006645,RUA,JOAO BATISTA DE ASSIS,209,,Tirol,BARREIRO,POINT (600905.509838765 7789302.74100023)
CRECHES_CONVENIADAS.1981854,1981854,CRECHE VÓ ANGELINA,Creches Conveniadas,31308790,RUA,ALVES PINTO,66,,Grajaú,OESTE,POINT (608292.137159095 7795092.13258635)
CRECHES_CONVENIADAS.1981950,1981950,CRECHE FRANCISCO DE ASSIS,Creches Conveniadas,31281875,RUA,ANTONIO OLINTO,825,,Esplanada,LESTE,POINT (614189.383590998 7798294.92066812)
CRECHES_CONVENIADAS.1983722,1983722,NÚCLEO PEDAGÓGICO PASSO A PASSO,Creches Conveniadas,31388629,RUA,BOA VISTA,32,,Venda Nova,VENDA NOVA,POINT (609572.446759235 7808212.89576264)
CRECHES_CONVENIADAS.1982076,1982076,INSTITUTO ZILAH SPÓSITO PARA O DESENVOLVIMENTO HUMANO E SOCIAL,Creches Conveniadas,31281565,RUA,CARNAUBA,928,,Zilah Spósito,NORTE,POINT (612821.142401123 7810177.92191766)
CRECHES_CONVENIADAS.1982984,1982984,CRECHE CENTRO INFANTIL UNIAO,Creches Conveniadas,31290190,RUA,ROTARY CLUB,86,,Conjunto Santa Maria,CENTRO-SUL,POINT (609083.12801903 7793508.91484573)
CRECHES_CONVENIADAS.1982057,1982057,NÚCLEO INFANTIL MARIA CÂNDIDA CORRÊA,Creches Conveniadas,31304000,RUA,PROFESSOR RAIMUNDO NONATO,220,,Santa Tereza,LESTE,POINT (613474.839953531 7797880.0551128)
CRECHES_CONVENIADAS.1982209,1982209,CRECHE LAR CRISTÃO DA CRIANÇA,Creches Conveniadas,31281867,RUA,SALVADOR PIRRI,292,,Milionários,BARREIRO,POINT (604402.374504423 7790508.1756375)
CRECHES_CONVENIADAS.1982100,1982100,CRECHE COMUNITÁRIA JESUS E AS CRIANÇAS,Creches Conveniadas,31257842,RUA,SANTA AMELIA,370,,São Marcos,NORDESTE,POINT (613894.454478064 7802400.77493339)
CRECHES_CONVENIADAS.1981842,1981842,CRECHE MADRE MAZZARELLO,Creches Conveniadas,31308684,RUA,SANTAREM,278,,Nova Cintra,OESTE,POINT (605562.540059333 7793842.72689926)
CRECHES_CONVENIADAS.1982324,1982324,SABER SISTEMA AGUIOS BAT ENS,Creches Conveniadas,31293091,RUA,SANTAREM,386,,Nova Cintra,OESTE,POINT (605774.796337355 7793708.25427077)
CRECHES_CONVENIADAS.1981850,1981850,CRECHE CASINHA FELIZ DA COMUNIDADE VILA SÃO JOSÉ,Creches Conveniadas,31308498,AVENIDA,SIDERAL,605,,Vila Madre Gertrudes I,OESTE,POINT (604275.644123438 7793581.77001627)
CRECHES_CONVENIADAS.1982158,1982158,GRUPAC GRUPO DE APOIO A CRIANÇA PADRE TEODORO,Creches Conveniadas,31309125,RUA,TIRO,50,,São Salvador,NOROESTE,POINT (603198.44000799 7800100.76309413)
CRECHES_CONVENIADAS.1981837,1981837,CRECHE PRIMEIRO DE MAIO,Creches Conveniadas,31257516,RUA,HERCULANO MOURAO SALAZAR,95,,Vila Vista Alegre,OESTE,POINT (605500.250951521 7793452.18639264)
CRECHES_CONVENIADAS.1982099,1982099,CRECHE OÁSIS,Creches Conveniadas,31291501,RUA,JOAZEIRO,41,,São Cristóvão,NORDESTE,POINT (610554.763850532 7799173.71179274)
CRECHES_CONVENIADAS.1982511,1982511,CRECHE NOSSA SENHORA AUXILIADORA DO BAIRRO SANTA MARIA,Creches Conveniadas,31309524,RUA,GONCALVES CRESPO,23,,Santa Maria,OESTE,POINT (603589.317765151 7795233.86373739)
CRECHES_CONVENIADAS.1981822,1981822,CRECHE CENTRO INFANTIL AMÉLIA CRISPIM,Creches Conveniadas,31281468,RUA,LUNDS FERREIRA,145,,Nova Vista,LESTE,POINT (615071.862093397 7800827.22522487)
CRECHES_CONVENIADAS.1983521,1983521,CRECHE AMORINHAS DO JARDIM,Creches Conveniadas,31382450,RUA,BRILHANTINA,11,,Juliana,NORTE,POINT (610748.714674827 7808612.97312148)
CRECHES_CONVENIADAS.1982088,1982088,CENTRO DE EDUCAÇÃO COMUNITÁRIA SAGRADO CORAÇÃO DE JESUS,Creches Conveniadas,31282278,RUA,MARIO MACHADO,69,,Três Marias,NORDESTE,POINT (615244.497089578 7804221.97423355)
CRECHES_CONVENIADAS.1983563,1983563,CENTRO PEDAGOGICO CASA VERDE,Creches Conveniadas,31347019,RUA,JOSUE MARTINS DE SOUZA,941,,Lagoa,VENDA NOVA,POINT (604268.813717245 7809114.99439567)
CRECHES_CONVENIADAS.1982073,1982073,CRECHE SANTA TEREZINHA DO BAIRRO JAQUELINE,Creches Conveniadas,31290106,RUA,SENHORA DO BELO RAMO,175,,Jaqueline,NORTE,POINT (611083.990383291 7809993.22951127)
CRECHES_CONVENIADAS.1981846,1981846,CASAS LARES ANA G. CASTILHO,Creches Conveniadas,31290076,RUA,DOUTOR SAMUEL HAHNEMANN,165,,Salgado Filho,OESTE,POINT (606854.56491038 7793804.2147383)
CRECHES_CONVENIADAS.1981839,1981839,LAR ESPÍRITA ESPERANÇA,Creches Conveniadas,31004383,RUA,DOUTOR SAMUEL HAHNEMANN,99,,Salgado Filho,OESTE,POINT (606757.329914442 7793809.50366175)
CRECHES_CONVENIADAS.1983503,1983503,CRECHE LAR FREI TONINHO,Creches Conveniadas,31308935,RUA,DAS AGUAS,80,,Petrópolis,BARREIRO,POINT (601421.784949 7786469.30328762)
CRECHES_CONVENIADAS.1983388,1983388,ESCOLA INFANTIL E CASA DE BRINCAR ABELHINHA DOURADAULL,Creches Conveniadas,31377228,RUA,CARLOS GARDEL,200,,Ribeiro de Abreu,NORDESTE,POINT (615310.882799906 7806092.8919)
CRECHES_CONVENIADAS.1982077,1982077,LAR CRECHE PINGO DE GENTE,Creches Conveniadas,31308536,RUA,SEBASTIAO CARDOSO ANTOLIN,132,,Jardim Guanabara,NORTE,POINT (611314.923498644 7807243.37923532)
CRECHES_CONVENIADAS.1981847,1981847,CRECHE SEMENTINHA ALEGRE,Creches Conveniadas,31309281,RUA,DO GROTAO,7,,Havaí,OESTE,POINT (607485.817274613 7793275.1224335)
CRECHES_CONVENIADAS.1982514,1982514,CRECHE COMUNITÁRIA AURÉLIO PIRES,Creches Conveniadas,31282022,PRACA,SANTO ANTONIO,125,,Aeroporto,PAMPULHA,POINT (609376.737796877 7804287.93080828)
CRECHES_CONVENIADAS.1983241,1983241,CANTINHO DA PAZ,Creches Conveniadas,31373095,RUA,DOMINGOS RODRIGUES,260,,Conjunto Taquaril,LESTE,POINT (617956.571770211 7796764.37220682)
CRECHES_CONVENIADAS.1982085,1982085,CRECHE SÃO GERALDO,Creches Conveniadas,31282308,PRACA,MUQUI,121,,Renascença,NORDESTE,POINT (611157.658756232 7800313.38981458)
CRECHES_CONVENIADAS.1983244,1983244,CRECHE CANTINHO ENCANTADOR,Creches Conveniadas,31373486,RUA,ROSA DE PEDRA,140,,Etelvina Carneiro,NORTE,POINT (611405.405148104 7808983.0651273)
CRECHES_CONVENIADAS.1981848,1981848,GRUPO DE APOIO A CRIANÇA E AO ADOLESCENTE DA CABANA E REGIÃO,Creches Conveniadas,31257508,RUA,JOAO PIRES,455,,Cabana do Pai Tomás,OESTE,POINT (604811.11276033 7794204.34329329)
CRECHES_CONVENIADAS.1982883,1982883,CRECHE ANJOS DE DEUS,Creches Conveniadas,31332101,RUA,CAMPOS ELISEOS,519,,Alto Barroca,OESTE,POINT (608004.347399 7795600.02262129)
CRECHES_CONVENIADAS.1981773,1981773,CRECHE CENTRO MATERNO INFANTIL ANA MARIA DE CASTRO VEADO,Creches Conveniadas,31258351,RUA,DOUTOR CAMILO ANTONIO NOGUEIRA,451,,Nossa Senhora da Conceição,CENTRO-SUL,POINT (613571.159660752 7795221.47625882)
CRECHES_CONVENIADAS.1981892,1981892,CRECHE COMUNITÁRIA PADRE FRANCISCO CARVALHO MOREIRA,Creches Conveniadas,31281531,RUA,TUCUMAN,564,,São Geraldo,LESTE,POINT (615373.932107491 7799526.18004884)
CRECHES_CONVENIADAS.1982186,1982186,CENTRO PEDAGÓGICO ANUNCIATA,Creches Conveniadas,31319414,RUA,VIRGILIO,210,,Glória,NOROESTE,POINT (603828.175136873 7799216.29312543)
CRECHES_CONVENIADAS.1981840,1981840,ORGANIZAÇÃO EDUCACIONAL JOÃO XXIII - AMPC,Creches Conveniadas,31000981,RUA,VISCONDE DE CAIRU,75,,Madre Gertrudes,OESTE,POINT (603985.143028891 7794022.51030487)
CRECHES_CONVENIADAS.1981893,1981893,CRECHE CRIANÇA FELIZ DA COMUNIDADE DOS AMIGOS DO BAIRRO CAETANO FURQUIM,Creches Conveniadas,31289604,RUA,UARIRA,317,,São Geraldo,LESTE,POINT (616107.325745019 7799207.84484505)
CRECHES_CONVENIADAS.1983383,1983383,CRECHE CASULO JARDIM DAS BORBOLETAS,Creches Conveniadas,31377996,RUA,CONSELHEIRO JOAQUIM CAETANO,1520,,Nova Granada,OESTE,POINT (607956.224245871 7794080.9037)
CRECHES_CONVENIADAS.1982066,1982066,CAD - CRECHE ABELHINHA DOURADA,Creches Conveniadas,31290033,RUA,RIO GRANDE,375,,Minaslândia,NORTE,POINT (611979.293520058 7804372.502144)
CRECHES_CONVENIADAS.1981776,1981776,CRECHE EDUCACIONAL NASCER DA ESPERANÇA,Creches Conveniadas,31281344,RUA,H,280,,Vila Barragem Santa Lúcia,CENTRO-SUL,POINT (610704.731020743 7793596.98691892)
CRECHES_CONVENIADAS.1982610,1982610,INSTITUTO BENEFICENTE FILADELFIA,Creches Conveniadas,31360708,RUA,CONSELHEIRO LAFAIETE,1580,,Sagrada Família,LESTE,POINT (612752.998743862 7799423.08103435)
CRECHES_CONVENIADAS.1982094,1982094,CRECHE LAR DOS MENINOS SÃO DOMINGOS OBRA SOCIAL - LMSDOS,Creches Conveniadas,31282391,RUA,DOM CABRAL,25,,Vila Ipiranga,NORDESTE,POINT (611655.221246895 7800651.40101338)
CRECHES_CONVENIADAS.1982725,1982725,INSTITUTO EDUCACIONAL RAIO DE SOL,Creches Conveniadas,31355763,RUA,CENTRAL,1176,,Jardim Leblon,VENDA NOVA,POINT (605954.531005475 7807147.5887332)
CRECHES_CONVENIADAS.1982184,1982184,ESCOLA INCLUSIVA RENASCER,Creches Conveniadas,31308501,RUA,BANGU,316,,Alto Caiçaras,NOROESTE,POINT (606987.520903808 7799180.20047198)
CRECHES_CONVENIADAS.1981843,1981843,CRECHE SANTA SOFIA,Creches Conveniadas,31308692,RUA,HELIOTERIO,85,,Santa Sofia,OESTE,POINT (608245.5811222 7793676.29077685)
CRECHES_CONVENIADAS.1982525,1982525,CRECHE DAS PERPÉTUAS,Creches Conveniadas,31281743,RUA,GUARUBA,25,,Alípio de Melo,PAMPULHA,POINT (604109.177018791 7799629.72897176)
CRECHES_CONVENIADAS.1982097,1982097,NÚCLEO ESPÍRITA INFANTIL VOVÓ SILVINHA - NEIVOS,Creches Conveniadas,31308889,RODOVIA,MG CINCO,501,,Goiânia,NORDESTE,POINT (614718.832761554 7803184.16547651)
CRECHES_CONVENIADAS.1981849,1981849,CENTRO DE EDUCAÇÃO INFANTIL JOÃO PAULO II,Creches Conveniadas,31281841,RUA,MAQUINE,86,,Salgado Filho,OESTE,POINT (606942.350168755 7794765.57905538)
CRECHES_CONVENIADAS.1982075,1982075,EDUCANDARIO E CRECHE MENINO JESUS,Creches Conveniadas,31282294,RUA,ITAPAGIPE,622,,Concórdia,NORDESTE,POINT (611520.58310123 7798933.98058933)
CRECHES_CONVENIADAS.1982183,1982183,ICA - INSTITUTO CRISTÃO ÁGAPE,Creches Conveniadas,31308731,RUA,GRUPIARA,66,,Bonfim,NOROESTE,POINT (609754.084123549 7797864.83821016)
CRECHES_CONVENIADAS.1982181,1982181,CRECHE COMUNITÁRIA CRIANÇA ESPERANÇA,Creches Conveniadas,31303721,RUA,GUARARAPES,195,,Novo Glória,NOROESTE,POINT (603582.630385427 7798802.41736864)
CRECHES_CONVENIADAS.1982189,1982189,CRECHE TIA IOLANDA,Creches Conveniadas,31340154,RUA,MARIO CAMPOS,350,,Inconfidência,NOROESTE,POINT (604817.643469012 7798564.46580299)
CRECHES_CONVENIADAS.1982084,1982084,ASSOCIAÇÃO COMUNITÁRIA DA VILA PRESIDENTE VARGAS,Creches Conveniadas,31282341,BECO,UM,45,,São Benedito,NORDESTE,POINT (615341.039434595 7802456.47359609)
CRECHES_CONVENIADAS.1982543,1982543,CRECHE ARCO-ÍRIS,Creches Conveniadas,31345245,RUA,VISCONDE DE ITABORAI,191,,Jardim Leblon,VENDA NOVA,POINT (606159.003206482 7807145.42917277)
CRECHES_CONVENIADAS.1983389,1983389,ESCOLA INFANTIL UNIPED,Creches Conveniadas,31376183,RUA,DAS CODORNAS,149,,Vila Clóris,NORTE,POINT (610029.217800031 7807251.80300006)
CRECHES_CONVENIADAS.1982067,1982067,CRECHE AGOSTINHO CÂNDIDO DE SOUZA,Creches Conveniadas,31281379,RUA,VOLTS,80,,Primeiro de Maio,NORTE,POINT (612105.254691036 7803398.20191002)
CRECHES_CONVENIADAS.1983742,1983742,CRECHE VOVÓ MALTINA,Creches Conveniadas,31384330,RUA,SETE,80,,Vista do Sol,NORDESTE,POINT (616288.255563474 7804971.57210438)
CRECHES_CONVENIADAS.1981769,1981769,CRECHE MENINO JESUS,Creches Conveniadas,31281476,RUA,PAULO AFONSO,630,,Santo Antônio,CENTRO-SUL,POINT (610286.262668566 7794524.15819589)
CRECHES_CONVENIADAS.1982095,1982095,OBRA EDUCACIONAL CATARINA COMENSOLI,Creches Conveniadas,31004049,RUA,LAGO,425,,São Marcos,NORDESTE,POINT (614151.922720361 7802436.44767231)
CRECHES_CONVENIADAS.1982982,1982982,INSTITUTO PEDAGOGICO SONHO DA VOVO,Creches Conveniadas,31372145,RUA,JOATUBA,94,,Guarani,NORTE,POINT (612862.181968184 7805526.05879092)
CRECHES_CONVENIADAS.1982210,1982210,CRECHE LAR DAS CRIANÇAS SÃO VICENTE DE PAULO,Creches Conveniadas,31281506,RUA,SOUZA MAGALHAES,853,,Barreiro,BARREIRO,POINT (602143.112117458 7790484.7903975)
CRECHES_CONVENIADAS.1981857,1981857,CRECHE LAR DA FRATERNIDADE,Creches Conveniadas,31332381,RUA,ESTRELA DA JORDANIA,171,,Vista Alegre,OESTE,POINT (604672.030104589 7793388.11943329)
CRECHES_CONVENIADAS.1982063,1982063,INSTITUTO PRESBITERIANO DE EDUCAÇÃO DE MINAS GERAIS,Creches Conveniadas,31257834,RUA,ITAJOBI,106,,Pompéia,LESTE,POINT (614370.981819928 7797888.33342778)
CRECHES_CONVENIADAS.1982156,1982156,CRECHE DOM BOSCO,Creches Conveniadas,31291048,RUA,OLINTO MAGALHAES,2140,,Dom Bosco,NOROESTE,POINT (604634.4290546 7797971.95640656)
CRECHES_CONVENIADAS.1982059,1982059,CRECHE PASSO A PASSO COM JESUS,Creches Conveniadas,31322008,RUA,ASTOLFO DUTRA,2385,,Alto Vera Cruz,LESTE,POINT (616004.343395607 7798446.22986957)
CRECHES_CONVENIADAS.1983422,1983422,ABAFE,Creches Conveniadas,31378020,RUA,SONIA BRAZ XAVIER,92,,Jardim Felicidade,NORTE,POINT (611963.310681367 7807553.986)
CRECHES_CONVENIADAS.1982185,1982185,CENTRO PEDAGÓGICO VINHA DE LUZ,Creches Conveniadas,31315044,RUA,REIS DE ABREU,110,,Aparecida Sétima Seção,NOROESTE,POINT (608423.114149892 7800438.49434991)
CRECHES_CONVENIADAS.1982208,1982208,CRECHE COMUNITÁRIA TIA FRANCISCA,Creches Conveniadas,31257524,RUA,PAULO DUARTE,320,,Santa Cecília,BARREIRO,POINT (601211.90067527 7788280.54906443)
CRECHES_CONVENIADAS.1983584,1983584,CENTRO INFANTIL CIMARA BABY,Creches Conveniadas,31383970,RUA,JOSE OVIDIO GUERRA,210,,Cardoso,BARREIRO,POINT (604021.741877138 7787985.71537484)
CRECHES_CONVENIADAS.1983602,1983602,CSACA DOM SILVERIO,Creches Conveniadas,31384283,BECO,DO SAMBA,55,,Boa Esperança,NORDESTE,POINT (614827.146758543 7804450.75157962)
CRECHES_CONVENIADAS.1981782,1981782,GRUPO DE AMIGOS DA CRIANÇA,Creches Conveniadas,31290289,BECO,APARECIDA,25,,Vila Barragem Santa Lúcia,CENTRO-SUL,POINT (610588.382157726 7793067.29473623)
CRECHES_CONVENIADAS.1982072,1982072,CRECHE SANTA MARIA MADALENA,Creches Conveniadas,31290149,RUA,JORGE FRANCISCO DOS SANTOS,11,,Vila Primeiro de Maio,NORTE,POINT (611855.018054186 7803328.61607401)
CRECHES_CONVENIADAS.1981798,1981798,CRECHE SÃO FRANCISCO DE ASSIS,Creches Conveniadas,31290262,RUA,NOSSA SENHORA DE FATIMA,1175,,Nossa Senhora de Fátima,CENTRO-SUL,POINT (614490.183745071 7794994.84238949)
CRECHES_CONVENIADAS.1983681,1983681,INSTITUTO DE EDUCAÇÃO INFANTIL AMBJA II,Creches Conveniadas,31366099,RUA,ARNALDO BUENO AZEVEDO,100,,Ouro Preto,PAMPULHA,POINT (606225.197481971 7801479.58116911)
CRECHES_CONVENIADAS.1982981,1982981,CRECHE SAGRADA FAMILIA,Creches Conveniadas,31372382,AVENIDA,COUNTRY CLUB DE BELO HORIZONTE,469,,Conjunto Taquaril,LESTE,POINT (618121.694802237 7796707.37380868)
CRECHES_CONVENIADAS.1983581,1983581,CASA DO BEBE MARIA BESSA,Creches Conveniadas,31384631,RUA,VERISSIMO GUIMARAES,223,,Lindéia,BARREIRO,POINT (598946.393482263 7789855.18623963)
CRECHES_CONVENIADAS.1981803,1981803,CRECHE NOSSA SENHORA DO ROSÁRIO DE POMPÉIA,Creches Conveniadas,31289850,RUA,LEOPOLDO GOMES,382,,Vila São Rafael,LESTE,POINT (614624.203452413 7797820.84716441)
CRECHES_CONVENIADAS.1982521,1982521,CRECHE EDUCANDÁRIO MEIMEI,Creches Conveniadas,31320773,RUA,JOAO EVANGELISTA,260,,Santa Terezinha,PAMPULHA,POINT (603700.826317566 7802671.94973654)
CRECHES_CONVENIADAS.1982533,1982533,INSTITUTO BATISTA ITATIAIA,Creches Conveniadas,31367087,RUA,JOAO EVANGELISTA,371,,Santa Terezinha,PAMPULHA,POINT (603780.679073728 7802772.49926998)
CRECHES_CONVENIADAS.1983386,1983386,CRECHE SÃO JOÃO PAULO II,Creches Conveniadas,31377970,RUA,MONTE REAL,60,,Granja de Freitas,LESTE,POINT (616482.633299151 7797764.0378017)
CRECHES_CONVENIADAS.1983242,1983242,CENTRO COMUNITARIO DE EDUCACAO LAGOINHA,Creches Conveniadas,31373427,RUA,SAO CRISTOVAO,48,,Lagoinha Leblon,VENDA NOVA,POINT (605119.383649334 7809928.59266791)
CRECHES_CONVENIADAS.1981801,1981801,CECIP - CENTRO EDUCATIVO COMUNITÁRIO ISRAEL PINHEIRO,Creches Conveniadas,31289868,RUA,GENERAL OSORIO,966,,Alto Vera Cruz,LESTE,POINT (616235.697049019 7798013.20800992)
CRECHES_CONVENIADAS.1982182,1982182,CRECHE COMUNITÁRIA DA VILA SUMARÉ,Creches Conveniadas,31281697,RUA,SUMARE,175,,Vila Sumaré,NOROESTE,POINT (608192.749997795 7800469.82797205)
CRECHES_CONVENIADAS.1983683,1983683,CRECHE COMUNITÁRIA VILA SUMARÉ UNIDADE II,Creches Conveniadas,31387061,RUA,SUMARE,19,,Aparecida Sétima Seção,NOROESTE,POINT (608326.82816936 7800365.48563002)
CRECHES_CONVENIADAS.1982188,1982188,CENTRO INFANTIL ELISA DUQUE DE CATÃO,Creches Conveniadas,31299740,RUA,CRUZ ALTA,540,,João Pinheiro,NOROESTE,POINT (604549.043336915 7795947.98837939)
CRECHES_CONVENIADAS.1982050,1982050,CRECHE RECANTO COMUNITÁRIO CRIANÇA FELIZ,Creches Conveniadas,31289558,RUA,DESEMBARGADOR BRAULIO,2288,,Taquaril,LESTE,POINT (616480.903720848 7797102.43339545)
CRECHES_CONVENIADAS.1981765,1981765,CENTRO DE EDUCAÇÃO INFANTIL MARIA FLORIPES,Creches Conveniadas,31348023,RUA,IVALDIR ALVES PEDROSA,313,,Lindéia,BARREIRO,POINT (599812.86125695 7790433.96074373)
CRECHES_CONVENIADAS.1981793,1981793,ASSOCIAÇÃO BENEFICENTE CANTINHO DO BEBÊ,Creches Conveniadas,31314757,RUA,SACRAMENTO,49,,Nossa Senhora da Conceição,CENTRO-SUL,POINT (613535.809726255 7795015.4881871)
CRECHES_CONVENIADAS.1983407,1983407,INSTITUTO ESPÍRITA EURÍPEDES - UNIDADE II,Creches Conveniadas,31378399,RUA,MOEDA,26,,Santa Inês,LESTE,POINT (613852.046098219 7800294.26370356)
CRECHES_CONVENIADAS.1981779,1981779,CRECHE SÃO JOSÉ,Creches Conveniadas,31290211,RUA,TENENTE RENATO CESAR,53,,Cidade Jardim,CENTRO-SUL,POINT (610110.362318045 7795110.07893343)
CRECHES_CONVENIADAS.1983361,1983361,CRECHE DA ACAO SOCIAL DA PAROQUIA BOM PASTOR,Creches Conveniadas,31282286,PRACA,CHICO PEREIRA,157,,Dom Cabral,NOROESTE,POINT (604802.720399974 7796723.23279998)
CRECHES_CONVENIADAS.1982104,1982104,CCEE - CENTRO CRISTÃO EVANGÉLICO EDUCACIONAL,Creches Conveniadas,31308919,RUA,ALIPIO DE MELO,774,,Jardim Montanhês,NOROESTE,POINT (606204.248154134 7798785.68077532)
CRECHES_CONVENIADAS.1983224,1983224,INSTITUTO PEDAGÓGICO SONHO DA VOVÓ II,Creches Conveniadas,31373036,RUA,CAMBUI,440,,Guarani,NORTE,POINT (612161.349768054 7805449.18777069)
CRECHES_CONVENIADAS.1981802,1981802,INSTITUTO EDUCACIONAL SÃO JOÃO BATISTA,Creches Conveniadas,31244104,RUA,BONINAS,847,,Esplanada,LESTE,POINT (614931.352906594 7798414.166396)
CRECHES_CONVENIADAS.1982157,1982157,CRECHE VOVÓ GUIOMAR,Creches Conveniadas,31281441,RUA,BONFIM,360,,Bonfim,NOROESTE,POINT (610347.817896236 7797938.47322197)
CRECHES_CONVENIADAS.1982519,1982519,CRECHE PATATI PATATÁ,Creches Conveniadas,31282014,RUA,CAJUI,100,,Suzana,PAMPULHA,POINT (611766.754536842 7803120.08851919)
CRECHES_CONVENIADAS.1983222,1983222,CASA FELIX,Creches Conveniadas,31375551,RUA,CANTORA MAYSA,30,,Lajedo,NORTE,POINT (614001.756778243 7806604.10767449)
CRECHES_CONVENIADAS.1982540,1982540,CRECHE SONHO DE CRIANÇA,Creches Conveniadas,31315109,RUA,ALCIDES LINS,112,,Venda Nova,VENDA NOVA,POINT (608804.880249107 7808545.33422616)
CRECHES_CONVENIADAS.1982509,1982509,CENTRO COMUNITÁRIO INFANTIL CAMINHANDO COM JESUS DO BAIRRO CAMARGOS,Creches Conveniadas,31281824,RUA,JOSE MOREIRA MOTA,577,,Camargos,OESTE,POINT (602336.806999971 7794495.23408331)
CRECHES_CONVENIADAS.1982977,1982977,INSTITUTO EDUCACIONAL CRISTÃO PEQUENOS BRILHANTES,Creches Conveniadas,31356280,RUA,EMILIO CARDOSO AIRES,210,,Tupi B,NORTE,POINT (613298.098526891 7805897.05327607)
CRECHES_CONVENIADAS.1982103,1982103,ASSISTÊNCIA SOCIAL KENNEDY,Creches Conveniadas,31308561,RUA,ALINE,907,,Pindorama,NOROESTE,POINT (602332.106868722 7798093.19172946)
CRECHES_CONVENIADAS.1981799,1981799,CENTRO DE EDUCAÇÃO INFANTIL ZÉLIA ALEIXO,Creches Conveniadas,31355976,AVENIDA,BERNARDO MONTEIRO,390,,Santa Efigênia,CENTRO-SUL,POINT (612284.57706694 7796843.92601388)
CRECHES_CONVENIADAS.1982520,1982520,CENTRO INFANTIL SÃO FRANCISCO DE ASSIS,Creches Conveniadas,31282499,AVENIDA,EXPEDICIONARIO BENVINDO BELEM DE LIMA,730,,São Luíz,PAMPULHA,POINT (606940.255724303 7802663.40147652)
CRECHES_CONVENIADAS.1983583,1983583,CRECHE REINO FELIZ,Creches Conveniadas,31383953,RUA,DONA ANDICA,130,,Bela Vitória,NORDESTE,POINT (616319.356606297 7804069.21101531)
CRECHES_CONVENIADAS.1982980,1982980,CRECHE LAR CRISTAO DA CRIANCA - UNIDADE II,Creches Conveniadas,31372820,RUA,PONTA GROSSA,863,,Milionários,BARREIRO,POINT (604734.995371633 7790295.99882548)
CRECHES_CONVENIADAS.1982195,1982195,CRECHE COMUNITÁRIA DO BAIRRO OLARIA CANTINHO DO AMOR,Creches Conveniadas,31282944,RUA,MARANTA,315,,Olaria,BARREIRO,POINT (601446.008440677 7789364.79836863)
CRECHES_CONVENIADAS.1983401,1983401,ESCUDINHO BABY 02,Creches Conveniadas,31378038,RUA,DOUTOR CRISTIANO REZENDE,2079,,Flávio Marques Lisboa,BARREIRO,POINT (605491.218925203 7789428.1163)
CRECHES_CONVENIADAS.1983601,1983601,CRECHE TILELÉO,Creches Conveniadas,31384321,RUA,JORNALISTA LENA SANTOS,561,,Fernão Dias,NORDESTE,POINT (613431.710092698 7802519.26047408)
CRECHES_CONVENIADAS.1981951,1981951,CRECHE GRAZIA BARRECA CASTAGNA,Creches Conveniadas,31289612,RUA,CORONEL OTAVIO DINIZ,14,,Vila São Rafael,LESTE,POINT (614385.964519014 7797665.89870372)
